# 子查询实现多列过滤

## 1. 什么是子查询

> 当一个查询是另一个查询的的条件时，称为子查询。

## 2. 子查询的好处

> 使用子查询可以避免由于子查询中的数据产生的重复

### 2-1：子查询演示

```

mysql> select user_name from user1 where id in  (select user_id from kills);
+-----------+
| user_name |
+-----------+
| 唐僧      |
| 孙悟空    |
| 猪八戒    |
| 沙僧      |
+-----------+
4 rows in set (0.00 sec)

```

### 2-2: 使用join从句实现子查询

```
mysql> select a.user_name from user1 a join kills k on a.id = k.user_id;
+-----------+
| user_name |
+-----------+
| 孙悟空    |
| 孙悟空    |
| 唐僧      |
| 猪八戒    |
| 孙悟空    |
| 猪八戒    |
| 唐僧      |
| 唐僧      |
| 唐僧      |
| 沙僧      |
+-----------+
10 rows in set (0.00 sec)
```

`注意`： 使用join来实现子查询，会出现数据重复问题。

我们可以使用group by  或者 distinct 来解决重复问题。

### 2-3：解决join子查询带来的数据重复问题

- 使用 group by 进行分组。


```
mysql> select a.user_name from user1 a join kills k on a.id = k.user_id group by a.user_name;
+-----------+
| user_name |
+-----------+
| 唐僧      |
| 孙悟空    |
| 沙僧      |
| 猪八戒    |
+-----------+
```

- 使用distinct

```
mysql> select distinct a.user_name from user1 a join kills k on a.id = k.user_id;
+-----------+
| user_name |
+-----------+
| 孙悟空    |
| 唐僧      |
| 猪八戒    |
| 沙僧      |
+-----------+
4 rows in set (0.00 sec)

mysql>
```


## 3. 子查询实现多列过滤

### 3.1 需求

> 查询出每个取经人打怪最多的日期，并列出取经人的姓名，打怪最多的日期和打怪的数量

### 3.2 多列过滤实现-


```
mysql> select a.user_name, b.kills from user1 a join kills b on a.id = b.user_id;
+-----------+-------+
| user_name | kills |
+-----------+-------+
| 孙悟空    |    12 |
| 孙悟空    |    23 |
| 唐僧      |     9 |
| 猪八戒    |    22 |
| 孙悟空    |    44 |
| 猪八戒    |    33 |
| 唐僧      |    11 |
| 唐僧      |    44 |
| 唐僧      |    55 |
| 沙僧      |     2 |
+-----------+-------+
10 rows in set (0.00 sec)

```

```
mysql> select user_id, max(kills) as cnt from kills group by user_id;
+---------+------+
| user_id | cnt  |
+---------+------+
|       1 |   55 |
|       2 |   44 |
|       3 |   33 |
|       4 |    2 |
+---------+------+
4 rows in set (0.00 sec)

```

将以上查询的表，进行join查询

```
mysql> select a.user_name, b.kills from user1 a join kills b on a.id = b.user_id
join (select user_id, max(kills) as cnt from kills group by user_id) c
on c.user_id = a.id and c.cnt=b.kills;
+-----------+-------+
| user_name | kills |
+-----------+-------+
| 孙悟空    |    44 |
| 猪八戒    |    33 |
| 唐僧      |    55 |
| 沙僧      |     2 |
+-----------+-------+
4 rows in set (0.00 sec)


```

### 3.3 多列过滤实现二

```
mysql> select a.user_name, b.kills from user1 a join kills b

on

a.id=b.user_id where (b.user_id, b.kills)

in

(select user_id, max(kills) from kills group by user_id);

+-----------+-------+
| user_name | kills |
+-----------+-------+
| 孙悟空    |    44 |
| 猪八戒    |    33 |
| 唐僧      |    55 |
| 沙僧      |     2 |
+-----------+-------+
4 rows in set (0.00 sec)
```
